,mean_fit_time,mean_score_time,mean_test_score,mean_train_score,param_estimator__lam,param_estimator__n_splines,params,rank_test_score,split0_test_score,split0_train_score,split1_test_score,split1_train_score,split2_test_score,split2_train_score,split3_test_score,split3_train_score,split4_test_score,split4_train_score,std_fit_time,std_score_time,std_test_score,std_train_score
0,0.22348523139953613,0.02262253761291504,-0.5145538205006215,-0.5136931722995033,10592057.5631,23,"{'estimator__lam': 10592057.563115446, 'estimator__n_splines': 23}",50,-0.5342142617351854,-0.5066434023600545,-0.5395412973517698,-0.5131348806135393,-0.49791661251839897,-0.5183520419049841,-0.5153321648411279,-0.515209183091545,-0.4782716315166984,-0.5151263535273942,0.05058975581112687,0.0027167907976574503,0.02277171150243162,0.0039004694322661067
1,0.22950201034545897,0.02452082633972168,-0.5145529409086421,-0.5136990682633862,437483111.816,23,"{'estimator__lam': 437483111.81575435, 'estimator__n_splines': 23}",38,-0.5342157971755003,-0.506653582292015,-0.5395374281894367,-0.5131418396445737,-0.49791593021439784,-0.5183565703092244,-0.5153286411565086,-0.515213421539858,-0.47827394854556626,-0.5151299275312596,0.04872595372858951,0.0032514280989627744,0.0227704489688396,0.003898264375432235
2,0.4303316116333008,0.03652482032775879,-0.5145488590913623,-0.5135866716234925,6678164.69582,49,"{'estimator__lam': 6678164.6958222063, 'estimator__n_splines': 49}",7,-0.5342367824374374,-0.5064574559995674,-0.5395830745419707,-0.5130089154007375,-0.4979028663950545,-0.5182704462403327,-0.5153443449782215,-0.5151335895579577,-0.47817119914484246,-0.5150629509188671,0.1094393992211543,0.003809638672971909,0.022817816265292647,0.003941309883290801
3,0.18669524192810058,0.02048358917236328,-0.514549888972192,-0.5134394021761619,91241.0769788,18,"{'estimator__lam': 91241.076978823767, 'estimator__n_splines': 18}",15,-0.5342804368902526,-0.5061905680905867,-0.5396523068522617,-0.5128335819208428,-0.4978894787265027,-0.5181594712977183,-0.5153663673376978,-0.5150332630928406,-0.4780356750650632,-0.5149801264788207,0.02950955940580045,0.0025004343126423744,0.02288495720366519,0.00400264638190139
4,0.16332216262817384,0.01926002502441406,-0.5146637592630892,-0.5127928255616762,9221.12960596,15,"{'estimator__lam': 9221.1296059581691, 'estimator__n_splines': 15}",66,-0.5347022275767294,-0.5049312782081508,-0.5401074835021797,-0.512068179407591,-0.4979047342599871,-0.5176870016994745,-0.5155074326879479,-0.5146274216300742,-0.47746192596330345,-0.5146502468630899,0.032607217689910824,0.002402425739703825,0.02324322236397755,0.00431503778739594
5,0.4064908027648926,0.033548927307128905,-0.5358573500387398,-0.4946968093307172,0.00913998625959,41,"{'estimator__lam': 0.0091399862595874098, 'estimator__n_splines': 41}",143,-0.5912368566501874,-0.4766046387943306,-0.5594039426256413,-0.49172651009834895,-0.5144349150892681,-0.5012817333751085,-0.5232609939242079,-0.5013864839417627,-0.47816519023790627,-0.5024846804440354,0.11004339220443647,0.0034921526446390827,0.039034418684807615,0.009847976642917332
6,0.2555440902709961,0.025053024291992188,-0.5145500622706153,-0.5134155897204679,389860.11488,28,"{'estimator__lam': 389860.11488016369, 'estimator__n_splines': 28}",16,-0.5342882389204584,-0.5061484853188756,-0.5396629529749951,-0.5128054974229671,-0.4978875346506986,-0.5181410239031501,-0.5153695064808177,-0.5150166634725303,-0.47801378541444767,-0.514966278484816,0.059991460521505745,0.0007034008189114033,0.022895782357052277,0.004012002492855463
7,0.3690241813659668,0.030350637435913087,-0.5145498844264972,-0.5136174854834803,4460401.35311,39,"{'estimator__lam': 4460401.3531058906, 'estimator__n_splines': 39}",14,-0.5342295937628333,-0.5065116890607367,-0.5395704477251548,-0.5130454137363655,-0.49790652838128807,-0.5182940034362812,-0.5153405705393094,-0.5151552618787131,-0.4782000465114385,-0.515081059305305,0.0755219527898482,0.002435126280867848,0.022804323941739715,0.003929280687908587
8,0.5630364418029785,0.04158573150634766,-0.5145485892359986,-0.5135763111864328,8798766.60436,55,"{'estimator__lam': 8798766.6043610182, 'estimator__n_splines': 55}",6,-0.5342393259532406,-0.506439146144925,-0.5395874179345378,-0.5129966360309406,-0.49790169243081706,-0.518262534411085,-0.5153456581487037,-0.5151263370611179,-0.4781615366928469,-0.5150569022840953,0.1531494748012143,0.004351869324321975,0.02282238170983975,0.003945391398519453
9,0.2628734588623047,0.02778916358947754,-0.5151466190671031,-0.5117422214698049,13136.185666,25,"{'estimator__lam': 13136.185666016185, 'estimator__n_splines': 25}",73,-0.5363489353134677,-0.5029017836346901,-0.5411559430724154,-0.5108997110468949,-0.4980614398093699,-0.516894932792681,-0.5157522677066613,-0.5139412740291881,-0.47649712530581695,-0.5140734058455697,0.048692208447882884,0.004238554037126957,0.02407352253524882,0.004810069680553007
10,0.6743266582489014,0.054027223587036134,-0.5168173447641138,-0.5086399756177152,7683.25358749,55,"{'estimator__lam': 7683.2535874924488, 'estimator__n_splines': 55}",91,-0.5419396033286213,-0.49781225348630015,-0.5433491271316194,-0.5073742044154551,-0.498391849676576,-0.5142438376971755,-0.5168518808327153,-0.51162888563507,-0.47492804024887164,-0.5121406968545751,0.2400140305815546,0.009144490369646634,0.026124180313278986,0.0058554870978811905
11,0.303801441192627,0.032741212844848634,-0.5210639440333517,-0.5046620963683878,2.92509127027,20,"{'estimator__lam': 2.9250912702657619, 'estimator__n_splines': 20}",113,-0.5525411917852261,-0.4920854853988152,-0.5462828561075582,-0.5030692388836446,-0.4990887763698093,-0.5105180423538183,-0.5186511470607869,-0.5083602147733358,-0.47939340886282245,-0.5092775004323249,0.08623711809225094,0.0035089946518550483,0.027751489422038533,0.006782012625192875
12,0.4966275691986084,0.05160083770751953,-0.5229121480885742,-0.5030365197507578,2.77253168017,26,"{'estimator__lam': 2.7725316801742736, 'estimator__n_splines': 26}",118,-0.5562963398139337,-0.48964843203988245,-0.5478195768332123,-0.5012232149084844,-0.5012147623035618,-0.5088655922439916,-0.5196114258621335,-0.5072169633264506,-0.4800142633171858,-0.5082283962349796,0.15787479409192987,0.002976534042718485,0.028488148953859597,0.007224108845434787
13,0.8221916198730469,0.06491880416870117,-0.5402340989162243,-0.4913689088090898,0.00369673361782,52,"{'estimator__lam': 0.0036967336178224466, 'estimator__n_splines': 52}",149,-0.5967766333922865,-0.47209176263936886,-0.5685873403016669,-0.48815809053720144,-0.5175960401129253,-0.4979639334955556,-0.5239180865499584,-0.4986135671373719,-0.48053402976820064,-0.5000171902359513,0.17042708844549775,0.008537586995574664,0.04100076628023811,0.010513704532377889
14,0.44781861305236814,0.03757452964782715,-0.5147251560604071,-0.5125780376365853,202451.81042,40,"{'estimator__lam': 202451.81042037837, 'estimator__n_splines': 40}",68,-0.5349163194580868,-0.5045197235484477,-0.5402815000274229,-0.511821701452848,-0.4979238370342404,-0.5175253123509812,-0.515554295341884,-0.5144886837689457,-0.47727075287130577,-0.5145347670617043,0.07276578458347714,0.006931390619758655,0.02337989993022078,0.004415050535426283
15,0.39356117248535155,0.03150296211242676,-0.5146479673128862,-0.5128086667102703,293546.037462,40,"{'estimator__lam': 293546.03746194724, 'estimator__n_splines': 40}",65,-0.5346680936200899,-0.504980643124864,-0.5400735461928315,-0.5120878336077506,-0.4978971613387051,-0.5176930874064561,-0.5154968261032524,-0.5146304610986613,-0.4774752558054651,-0.5146513083136192,0.09336875174809381,0.002549738340176802,0.023225661010184195,0.004298124754463482
16,0.17428202629089357,0.020191144943237305,-0.5145531669667885,-0.5136991260065455,250092990.22,17,"{'estimator__lam': 250092990.21984243, 'estimator__n_splines': 17}",44,-0.5342153223613796,-0.5066536815791264,-0.539537703559023,-0.5131419076471538,-0.49791620679255827,-0.5183566145239694,-0.5153291534815448,-0.5152134633361345,-0.47827458942825735,-0.5151299629463437,0.03762573672846166,0.001882987574953056,0.022770201269732237,0.0038982429546119304
17,0.4021611213684082,0.03197641372680664,-0.5145509914446889,-0.5136434011763175,8406988.10233,42,"{'estimator__lam': 8406988.1023347732, 'estimator__n_splines': 42}",17,-0.534223969003449,-0.5065570758919187,-0.5395601349122804,-0.5130760869760861,-0.49790980174135485,-0.5183138326841996,-0.5153375324393122,-0.5151735963258055,-0.4782244361865711,-0.515096414003578,0.08941519064023282,0.0033025762692642183,0.02279306619772505,0.003919273539308335
18,0.4418231964111328,0.03516702651977539,-0.5157399992129307,-0.5104311573019304,28666.2014429,49,"{'estimator__lam': 28666.201442850361, 'estimator__n_splines': 49}",77,-0.5387068847976324,-0.5007254805501401,-0.5420623131848284,-0.5094458468717842,-0.49813698911652277,-0.515783471688974,-0.5160671144118161,-0.5129527300427409,-0.4754762417837242,-0.513248257356013,0.1107914900165542,0.0032620592483541826,0.025042265644639083,0.0052557140134079205
19,0.27315702438354494,0.026866436004638672,-0.5334868717540202,-0.4980543450238376,0.00335435811805,29,"{'estimator__lam': 0.0033543581180472564, 'estimator__n_splines': 29}",140,-0.5836170478905073,-0.48104078785304766,-0.5613784057255016,-0.494859457682059,-0.5078599200198077,-0.5048365492398212,-0.5234531229165251,-0.5040760923206479,-0.4784124301222976,-0.5054588380236124,0.06924706000459319,0.002202068174120905,0.03773322032239315,0.009346172305795099
20,0.2665578365325928,0.025480365753173827,-0.5249200272132838,-0.5010903310738437,1.20276009797,29,"{'estimator__lam': 1.2027600979733657, 'estimator__n_splines': 29}",125,-0.5606791067628712,-0.48662971131833316,-0.5512434858809292,-0.4986434531220459,-0.5033685669869828,-0.5071978086907168,-0.5204517056197894,-0.5059066658073986,-0.47863519303028346,-0.5070740164307238,0.05423835812873257,0.001044613166727746,0.030331179101089553,0.007891762654576626
21,0.34633803367614746,0.030593061447143556,-0.5177407534236653,-0.5076219275174528,627.171899835,35,"{'estimator__lam': 627.17189983458252, 'estimator__n_splines': 35}",98,-0.544397062011638,-0.4963773969734406,-0.5443247794627032,-0.5062456813461504,-0.4985951256541907,-0.513312286029966,-0.5172235206394007,-0.5107840951855337,-0.47529269944666136,-0.5113901780521737,0.11848345746489192,0.0018724570985979734,0.02672494018089353,0.006081327439526019
22,0.38878021240234373,0.03250455856323242,-0.5151096313258552,-0.5117911555216995,57669.0785608,38,"{'estimator__lam': 57669.078560764799, 'estimator__n_splines': 38}",72,-0.5362208274980844,-0.5030006007180622,-0.5410907906055181,-0.5109519288774595,-0.4980495923872703,-0.5169308424171282,-0.5157405898743399,-0.5139725807606861,-0.4765481388729999,-0.5140998248351619,0.1014020399776084,0.0018992113639542385,0.024019873642765064,0.004785041411971378
23,0.649288558959961,0.05377182960510254,-0.5390366489250616,-0.4915255524033963,0.0287049161029,55,"{'estimator__lam': 0.028704916102902229, 'estimator__n_splines': 55}",147,-0.5930424576428569,-0.4722938323001471,-0.5651084457876456,-0.4878374910532928,-0.5176559904299681,-0.49821049326617367,-0.5241687090168897,-0.49895130180149333,-0.482232530484769,-0.5003346435958744,0.14548050286211225,0.009690850263380282,0.03887323220497415,0.010591422291188387
24,0.6936755657196045,0.05000619888305664,-0.514548312053364,-0.513464990711271,5480806.62383,59,"{'estimator__lam': 5480806.6238298798, 'estimator__n_splines': 59}",2,-0.534271079077405,-0.506239499486235,-0.539637755516784,-0.5128644156758262,-0.497890997060801,-0.5181780045994903,-0.5153613408787562,-0.5150496789100244,-0.47805878770271065,-0.5149933548847793,0.16360631153000496,0.006544868415371767,0.022872582967763174,0.003990690352832472
25,0.20583977699279785,0.0227963924407959,-0.5145542163026453,-0.5136992035426499,8759992896.61,20,"{'estimator__lam': 8759992896.6089344, 'estimator__n_splines': 20}",60,-0.5342131759188421,-0.5066538157048913,-0.5395390778434014,-0.5131419990407052,-0.4979174812684803,-0.5183566734211017,-0.5153315439905284,-0.5152135192596642,-0.4782773813099572,-0.5151300102868864,0.03582515483537779,0.0021665914898294065,0.022769141218039836,0.0038982137535096507
26,0.3877469539642334,0.03223724365234375,-0.5263579701863219,-0.49865118202243275,2.11193997287,41,"{'estimator__lam': 2.1119399728742163, 'estimator__n_splines': 41}",127,-0.5645678840942282,-0.4832898147739611,-0.5518813948623573,-0.4961619509523607,-0.5062677184596208,-0.5047359976657753,-0.5208130829974322,-0.5039669980869469,-0.47778895696730467,-0.5051011486331201,0.10369176226666323,0.0022321988910421666,0.03132421026223941,0.008355271703383713
27,0.6198682308197021,0.04145417213439941,-0.5145514502846764,-0.5136988927080572,4327808975.6,60,"{'estimator__lam': 4327808975.6040211, 'estimator__n_splines': 60}",20,-0.5342189621588361,-0.5066532807547626,-0.5395355253236026,-0.5131416336444785,-0.4979141163056488,-0.5183564379506448,-0.5153251903071675,-0.5152132932743805,-0.4782698492140698,-0.5151298179160202,0.20002977514381623,0.0024692145706512723,0.022772028336972474,0.0038983296210855045
28,0.612882661819458,0.044287586212158205,-0.5158578556511582,-0.5101563557062543,42044.891185,60,"{'estimator__lam': 42044.891185025743, 'estimator__n_splines': 60}",80,-0.5391327374785134,-0.500275471646031,-0.5422114027394848,-0.5091285218214551,-0.4981515866936433,-0.5155474355234723,-0.5161641872397393,-0.5127488142945672,-0.4753245788469862,-0.513081535245746,0.14584476024772988,0.0052697863876325175,0.025205325572846278,0.005348449696357039
29,0.18889737129211426,0.021154212951660156,-0.5145527774994743,-0.51367588412782,1381045.00488,19,"{'estimator__lam': 1381045.0048798111, 'estimator__n_splines': 19}",34,-0.534217494090761,-0.5066134146618986,-0.539547804080237,-0.5131144530403764,-0.497914183258828,-0.5183387961940452,-0.5153340188694502,-0.5151968125854735,-0.4782551943508097,-0.5151159441573058,0.043627146340828496,0.0015642225720422691,0.022779115540298312,0.003907004607680721
30,0.5737688064575195,0.04239554405212402,-0.5145529209495304,-0.5136791042530818,74180695.4845,60,"{'estimator__lam': 74180695.484537855, 'estimator__n_splines': 60}",36,-0.5342168594301643,-0.5066191356512091,-0.5395464772716987,-0.5131182824309882,-0.49791461573081336,-0.5183412174423413,-0.515333609385135,-0.5151990657800517,-0.4782582418199069,-0.5151178199608187,0.13913176423301885,0.005757986830883624,0.022777709194280113,0.003905717939027086
31,0.3644095897674561,0.033105325698852536,-0.514548380139248,-0.5134671200367829,1346957.89541,38,"{'estimator__lam': 1346957.8954075952, 'estimator__n_splines': 38}",3,-0.5342704938721138,-0.5062430781891776,-0.539636972233318,-0.5128669004579037,-0.4978912176674812,-0.5181797104918963,-0.5153611369182634,-0.5150512350512065,-0.4780607389802936,-0.51499467599373,0.07198279036475523,0.006082933340101879,0.02287167263484613,0.0039899473815321225
32,0.2581876277923584,0.024477195739746094,-0.5275005599339786,-0.4995320592651149,0.154953229239,28,"{'estimator__lam': 0.15495322923856919, 'estimator__n_splines': 28}",130,-0.56526777119766,-0.4841489190868377,-0.5538293398905043,-0.4965325494411564,-0.5060561324609226,-0.5058750218418068,-0.5220660877495481,-0.5049146718521312,-0.4797493459296133,-0.5061891341036426,0.07143405180655747,0.0006241474988352778,0.031284497635744056,0.00847538080378137
33,0.3800492763519287,0.0322913646697998,-0.5145524154527761,-0.5136704989190911,20668109.9946,45,"{'estimator__lam': 20668109.994559556, 'estimator__n_splines': 45}",30,-0.5342185078570163,-0.5066042205959228,-0.5395497167230591,-0.5131081180390066,-0.4979134240221424,-0.5183346124425116,-0.5153345296784109,-0.515192906974264,-0.4782500716666774,-0.5151126365437507,0.09641532640317314,0.0031531988130846173,0.02278139640616664,0.0039089641535586025
34,0.1665032386779785,0.01890597343444824,-0.521972885318623,-0.5049580249950417,0.307372782051,15,"{'estimator__lam': 0.30737278205127105, 'estimator__n_splines': 15}",115,-0.5553331309969535,-0.49200964661039565,-0.5476117668306915,-0.503861631529849,-0.4983341730115655,-0.5109221334458455,-0.5182492735747957,-0.5085980382416726,-0.48062552600197145,-0.5093986751474461,0.030212964569640982,0.0008496830563343646,0.02849674996612156,0.006890605796983788
35,0.17378220558166504,0.019385576248168945,-0.514553206919383,-0.513699206665395,3092893588.35,16,"{'estimator__lam': 3092893588.3538413, 'estimator__n_splines': 16}",45,-0.5342152356484166,-0.5066538210506283,-0.5395377200605206,-0.5131420028702188,-0.49791626030521413,-0.5183566763336104,-0.5153292258181855,-0.5152135212769785,-0.4782747576075157,-0.5151300117955387,0.04328961623163687,0.0008908407907372032,0.022770132145294587,0.0038982126751568526
36,0.20471343994140626,0.022042322158813476,-0.5145494529360801,-0.513597366232584,250714.458128,18,"{'estimator__lam': 250714.45812785096, 'estimator__n_splines': 18}",12,-0.5342343965069728,-0.5064755725738169,-0.5395792577328256,-0.5130214528958058,-0.49790421246282207,-0.5182788784343623,-0.5153433610534949,-0.5151413759688829,-0.478181288088703,-0.5150695512900522,0.039200273567386985,0.002587503627141035,0.022813258967971557,0.0039374985077876784
37,0.6085267066955566,0.049751663208007814,-0.5353709141500244,-0.4929114468331746,0.24015561334,59,"{'estimator__lam': 0.24015561334024377, 'estimator__n_splines': 59}",141,-0.5859527323311301,-0.474336196652323,-0.55975707056815,-0.4894048565518571,-0.5147682772632118,-0.49963000025395404,-0.5231527196423921,-0.4999595361657716,-0.48105551579610956,-0.5012266445419672,0.19048959597348228,0.014864492788467503,0.03665401505001304,0.01021071134570654
38,0.2919034004211426,0.028469228744506837,-0.5145483887033911,-0.513475855956609,509415.88372,28,"{'estimator__lam': 509415.88372034061, 'estimator__n_splines': 28}",5,-0.5342678497006164,-0.5062585256131044,-0.5396331258464321,-0.5128772250354446,-0.49789200642554593,-0.5181864473359277,-0.5153599816282383,-0.515057326037273,-0.47806876067644355,-0.5149997557612954,0.06654182223618095,0.0010413662909881118,0.02286774896551256,0.003986507384684413
39,0.2807590961456299,0.028236818313598634,-0.5293748489657424,-0.4989026581019952,0.0360475158712,28,"{'estimator__lam': 0.036047515871233851, 'estimator__n_splines': 28}",134,-0.5700315948398864,-0.48297031522797784,-0.555756080044633,-0.4957542880580643,-0.5073357942519413,-0.5053739552886997,-0.5228172423395628,-0.5045387064437308,-0.479943470411077,-0.5058760254915033,0.058818431966699225,0.001614885519180133,0.03265447711326598,0.00878660758571655
40,0.20691399574279784,0.020908117294311523,-0.5145541915334962,-0.513698828376312,122633196.364,21,"{'estimator__lam': 122633196.36368898, 'estimator__n_splines': 21}",57,-0.534213242725066,-0.5066531680563736,-0.5395392158388249,-0.5131415562560043,-0.4979174271016229,-0.5183563853867221,-0.515331582765581,-0.5152132494559314,-0.47827702375650927,-0.5151297827265283,0.04775127050794934,0.0010915309270126531,0.02276930093169475,0.0038983540225086166
41,0.5802580356597901,0.04030122756958008,-0.5145729785558524,-0.5131553129339255,1919297.63231,58,"{'estimator__lam': 1919297.6323069909, 'estimator__n_splines': 58}",63,-0.5344078926914612,-0.5056607286366557,-0.5398128274879437,-0.5124960536871156,-0.49787943412001207,-0.5179465934963445,-0.5154175033715719,-0.5148462561993488,-0.4777807137112076,-0.514826932650163,0.14911876491176365,0.0030073718090531812,0.023025082083591508,0.00412827779040598
42,0.36987895965576173,0.03405261039733887,-0.5145541538544872,-0.5136982775002563,341761999.46,37,"{'estimator__lam': 341761999.46002942, 'estimator__n_splines': 37}",55,-0.5342133407238626,-0.5066522206026629,-0.5395394154175636,-0.5131409067101885,-0.4979173470406448,-0.5183559611769896,-0.5153316376713842,-0.5152128520027582,-0.47827649801049144,-0.5151294470086822,0.08103236493975456,0.00442057535531381,0.02276953497227001,0.0038985581775761373
43,0.4173999786376953,0.03275055885314941,-0.5160860162107731,-0.5097141181414624,9408.80626979,43,"{'estimator__lam': 9408.8062697890618, 'estimator__n_splines': 43}",84,-0.5398751207310236,-0.49952861060122244,-0.5424925056336566,-0.5086123324378343,-0.4981969119816801,-0.5151743223297223,-0.5163523150720165,-0.5124317766124243,-0.47511773772778554,-0.5128235487261091,0.10503718180615704,0.0016147425036746239,0.025475476548428917,0.005510472783564447
44,0.30248537063598635,0.027790355682373046,-0.51454984478921,-0.5136160227633526,2791218.80428,34,"{'estimator__lam': 2791218.8042832362, 'estimator__n_splines': 34}",13,-0.5342299339857733,-0.5065090738034684,-0.5395710771745595,-0.5130436737757951,-0.49790635490043283,-0.5182929014872896,-0.515340766856586,-0.5151542480976375,-0.4781986736268051,-0.5150802166525726,0.07279184167561895,0.0020648133170136414,0.02280497255129541,0.003929872832666125
45,0.22890281677246094,0.023885059356689452,-0.5145538211485956,-0.513693193125167,12321830.6893,24,"{'estimator__lam': 12321830.689328834, 'estimator__n_splines': 24}",51,-0.5342142576782464,-0.5066434408793753,-0.5395412878743402,-0.5131349055734259,-0.49791661508573976,-0.5183520570788281,-0.5153321616976049,-0.5152091971722806,-0.4782716514594398,-0.5151263649219251,0.0431706725226734,0.0020004106683411526,0.022771702159273273,0.0039004603504223744
46,0.5524464607238769,0.03885860443115234,-0.5171800336057834,-0.508200585966566,6381.2710598,59,"{'estimator__lam': 6381.2710598047297, 'estimator__n_splines': 59}",95,-0.5429111368249605,-0.49718137418630987,-0.5437460997843517,-0.506881729617968,-0.4984840410582032,-0.5138447669188567,-0.5170254598583857,-0.5112721578263889,-0.4750072884854097,-0.5118229012833069,0.15216913130843315,0.0021555687490621084,0.026380275753274545,0.005959444787772193
47,0.3939080238342285,0.03250155448913574,-0.523116599553764,-0.5021350468648931,12.6912299529,39,"{'estimator__lam': 12.691229952930808, 'estimator__n_splines': 39}",120,-0.557019912102561,-0.48840896289414387,-0.5482947404844383,-0.5001716255120799,-0.5017661755553441,-0.508028759778252,-0.5195537662023247,-0.5064925243143038,-0.47921388442545937,-0.5075733618256858,0.11580894339624317,0.0007307434252543596,0.02891246919945352,0.007423734044545773
48,0.3953294277191162,0.033755159378051756,-0.5145541541373081,-0.5136982827441283,443323045.083,40,"{'estimator__lam': 443323045.08302718, 'estimator__n_splines': 40}",56,-0.5342133397469018,-0.5066522298711694,-0.5395394133198516,-0.5131409129442287,-0.49791734778121577,-0.5183559651262672,-0.5153316370533395,-0.515212855693782,-0.47827650301115204,-0.5151294500851945,0.10910558281081692,0.0037417026801940274,0.022769532692007155,0.0038985561053604648
49,0.23114323616027832,0.02514796257019043,-0.5145528699990188,-0.5136991617390881,1589126630.93,25,"{'estimator__lam': 1589126630.9322708, 'estimator__n_splines': 25}",35,-0.534215942347468,-0.5066537436029516,-0.5395372910947566,-0.513141949986275,-0.49791585058530424,-0.5183566421917736,-0.5153284513685533,-0.5152134887370463,-0.47827383390253875,-0.5151299841773941,0.050721242069147306,0.0021263164316022757,0.022770486901054075,0.003898229467959188
50,0.2128042221069336,0.022547388076782228,-0.5201329094527668,-0.5052145640594528,9.08464942624,22,"{'estimator__lam': 9.0846494262432707, 'estimator__n_splines': 22}",110,-0.5503072999874129,-0.4927575936888284,-0.5460108981477693,-0.503693286079345,-0.4988355448203927,-0.5111316523089896,-0.5179109889132988,-0.5088524184807474,-0.478324488135264,-0.5096378697393532,0.061275636020754747,0.0023035905820435404,0.027506354750818897,0.006712703610149246
51,0.3692774772644043,0.03147215843200683,-0.5145542138007758,-0.5136991693207221,9766633735.29,39,"{'estimator__lam': 9766633735.2912712, 'estimator__n_splines': 39}",58,-0.5342131823688508,-0.5066537567901856,-0.5395390900501468,-0.5131419586795817,-0.49791747608462544,-0.5183566470899416,-0.5153315470180069,-0.5152134945885157,-0.4782773481910863,-0.5151299894553867,0.07931834932652858,0.0042357696584846,0.02276915594139622,0.0038982264651826843
52,0.19293632507324218,0.02045602798461914,-0.5164551580110575,-0.5092868128958917,331.104612831,19,"{'estimator__lam': 331.10461283121771, 'estimator__n_splines': 19}",88,-0.5409674161138726,-0.498703285455272,-0.5429704457673045,-0.5081033947731635,-0.49831411865034964,-0.5148430253662911,-0.5166070130054394,-0.5121666445799432,-0.4748885133145246,-0.5126177143047885,0.04969694372349496,0.0013161159452268593,0.025860099371263108,0.00572138730169584
53,0.5452535629272461,0.03799123764038086,-0.5145514817537511,-0.5136981745534113,1268643881.46,58,"{'estimator__lam': 1268643881.4564044, 'estimator__n_splines': 58}",21,-0.5342189178195448,-0.5066520444860726,-0.5395358927177281,-0.5131407866465346,-0.49791410949298237,-0.5183558851224378,-0.5153254515470532,-0.5152127756344665,-0.47826937886357573,-0.5151293808775452,0.13629161084709732,0.0029063566376428852,0.022772250955387825,0.0038985963096063877
54,0.4010499954223633,0.03195080757141113,-0.5145521937921975,-0.5136991663343436,8167294165.15,42,"{'estimator__lam': 8167294165.1487398, 'estimator__n_splines': 42}",27,-0.5342173691250861,-0.5066537516572874,-0.5395363888621592,-0.5131419557794633,-0.49791503361488076,-0.5183566468074462,-0.5153268665166578,-0.5152134914431982,-0.4782720443918415,-0.5151299859843229,0.1127749112551355,0.002271040546628173,0.022771170493326654,0.0038982278367882704
55,0.3528739452362061,0.030757617950439454,-0.5145524317764035,-0.5136991136942398,2701012710.46,36,"{'estimator__lam': 2701012710.4607449, 'estimator__n_splines': 36}",31,-0.5342168671597456,-0.5066536609621304,-0.5395367293314258,-0.5131418935452147,-0.49791531806904404,-0.5183566058754737,-0.515327438226457,-0.5152134537446712,-0.47827263594819036,-0.5151299543437088,0.0679613386572945,0.002827915892661473,0.022770947342421754,0.0038982473668467002
56,0.23338656425476073,0.0244905948638916,-0.5200681527166333,-0.505265921872147,9.58945481248,22,"{'estimator__lam': 9.5894548124762089, 'estimator__n_splines': 22}",108,-0.5501520950611715,-0.4928426449311514,-0.5459773171792374,-0.5037505381059079,-0.49881048511792664,-0.5111787817824799,-0.5178799645684364,-0.508887944860594,-0.47825393369676644,-0.5096696996806022,0.055720730013373236,0.0019997764539217023,0.02748668137510865,0.006694899846091157
57,0.2942199230194092,0.028367042541503906,-0.5264333335969383,-0.5003865170626417,0.105951042186,25,"{'estimator__lam': 0.10595104218649248, 'estimator__n_splines': 25}",128,-0.5632885745212883,-0.4853776930837093,-0.5537925845511872,-0.49752833876109004,-0.505810685766486,-0.5066087671258807,-0.5203843221095231,-0.5056187866011694,-0.47832561363029535,-0.5067989997413592,0.080880529747995,0.0019795614106410874,0.03126233900909519,0.008254053003369571
58,0.31576900482177733,0.03190436363220215,-0.5145488754979378,-0.5134501949030874,569559.619105,30,"{'estimator__lam': 569559.61910486559, 'estimator__n_splines': 30}",8,-0.5342761605541433,-0.5062119704331842,-0.5396454743809569,-0.5128467166095675,-0.49788995073630926,-0.5181670350623454,-0.5153638893150791,-0.5150398887557537,-0.47804528956376385,-0.5149853636545859,0.06160055650316683,0.005617098185964744,0.02287956949405582,0.003997212284986285
59,0.32721519470214844,0.028879642486572266,-0.5145541354042303,-0.5136980013847607,199518135.134,34,"{'estimator__lam': 199518135.13436604, 'estimator__n_splines': 34}",54,-0.5342133900675023,-0.50665174451614,-0.539539516444347,-0.5131405809417915,-0.4979173070787836,-0.5183557489681715,-0.5153316657993862,-0.5152126532342419,-0.4782762346137268,-0.5151292792634586,0.07540459324383349,0.0014959174865689883,0.02276965250582177,0.0038986611176346155
60,0.20218496322631835,0.020590829849243163,-0.5192951431504624,-0.5060644859696688,16.9553706093,21,"{'estimator__lam': 16.955370609313583, 'estimator__n_splines': 21}",104,-0.5484213792433182,-0.49415360399492636,-0.5455820974259916,-0.5047135827468366,-0.4985565272096543,-0.5118476595611635,-0.5175057752970726,-0.5094182236361695,-0.47722179058594877,-0.5101893599092483,0.04427285563587036,0.0011555228748633098,0.027335270526931816,0.006409388224724607
61,0.4148524284362793,0.0350071907043457,-0.514551423839911,-0.5136900085105611,69601627.5819,46,"{'estimator__lam': 69601627.581941605, 'estimator__n_splines': 46}",19,-0.5342193620909544,-0.5066379678218258,-0.5395395208858947,-0.5131311528232181,-0.49791352024743635,-0.5183496036795713,-0.51532741704342,-0.5152068974661134,-0.47826288200613315,-0.5151244207620768,0.09008853367487074,0.00526251839246418,0.022775232791010278,0.003901638509772314
62,0.5355321884155273,0.039624786376953124,-0.5406801229580435,-0.4912268115339562,0.0234669530102,57,"{'estimator__lam': 0.023466953010161138, 'estimator__n_splines': 57}",150,-0.595622223787606,-0.4714100223500528,-0.5697856878157486,-0.48743335096768803,-0.5176092502533113,-0.49823669992765635,-0.5253020085884279,-0.4987622843164227,-0.4814379875779185,-0.500291700107961,0.16004804733022834,0.0034904513906243518,0.04049448876302245,0.010910449732560527
63,0.22741942405700682,0.024863576889038085,-0.5153834948152167,-0.5113015591424388,4831.22741279,22,"{'estimator__lam': 4831.2274127881265, 'estimator__n_splines': 22}",76,-0.5372635436685823,-0.5021308484739246,-0.5415554688520864,-0.5104229962672525,-0.4981097126094907,-0.5165351157427339,-0.5158417346609313,-0.5136187568265986,-0.4760947452431393,-0.5138000784016842,0.05816781455012797,0.0031265719718069763,0.024458318610710156,0.004977467733216227
64,0.19213085174560546,0.021648406982421875,-0.5175761102019838,-0.5081482491104998,71.9326973758,18,"{'estimator__lam': 71.932697375791236, 'estimator__n_splines': 18}",96,-0.5440435258680659,-0.4969348119002925,-0.5441760731365083,-0.5068079751408839,-0.49860198006344914,-0.5138576047583971,-0.5172258901909575,-0.5112948392047002,-0.47498662256180135,-0.5118460145482249,0.040897653661239736,0.0010445597334385783,0.02670622121507736,0.006061497319118823
65,0.18830690383911133,0.02166781425476074,-0.5158275511142096,-0.5103627306085083,641.114657048,17,"{'estimator__lam': 641.11465704763725, 'estimator__n_splines': 17}",79,-0.5390283897808947,-0.5005350767244283,-0.5421806472636909,-0.5093657762603075,-0.4981652495099909,-0.5157461738067495,-0.5160979549520189,-0.5129299623846176,-0.47537302577162577,-0.5132366638664391,0.04500140146068849,0.0021276875096297417,0.025160910133436264,0.005318050975116052
66,0.16640772819519042,0.019208765029907225,-0.519330943435346,-0.5063145887255666,3.98106926807,16,"{'estimator__lam': 3.9810692680668347, 'estimator__n_splines': 16}",105,-0.5488710122729513,-0.4943129963071795,-0.5456064309719774,-0.5047887920939585,-0.4984049181363431,-0.512280273758915,-0.5174990288703077,-0.5097565908606374,-0.47702215105019463,-0.5104342906071423,0.03444228589149449,0.0013304527629542885,0.027523613128123365,0.0064926881358358945
67,0.4724780559539795,0.03489241600036621,-0.514552923295151,-0.5136791234286489,50087824.9071,53,"{'estimator__lam': 50087824.907096155, 'estimator__n_splines': 53}",37,-0.5342168564277913,-0.5066191650240451,-0.5395464730542402,-0.5131183043689528,-0.4979146188215868,-0.518341233523685,-0.5153336090241545,-0.515199080951819,-0.4782582600970117,-0.515117833274742,0.12905932829342676,0.002163515423650728,0.022777701756528115,0.0039057126910252344
68,0.3862246036529541,0.03310098648071289,-0.5166750961063422,-0.5088467703891362,3256.80803713,40,"{'estimator__lam': 3256.8080371256679, 'estimator__n_splines': 40}",89,-0.5415553515614452,-0.49810919887277355,-0.543191046347551,-0.507607588001201,-0.4983551466325547,-0.5144323217378434,-0.5167705847897921,-0.5117963948272916,-0.4749174579484449,-0.5122883485065716,0.10869736209038601,0.0029060187059765544,0.02601699196491457,0.005806447161443718
69,0.18071374893188477,0.019483661651611327,-0.5248702039719614,-0.5032279699930303,0.148718727472,19,"{'estimator__lam': 0.14871872747232318, 'estimator__n_splines': 19}",124,-0.5614120344355805,-0.4894255890274925,-0.550536244908069,-0.5014995164247099,-0.5016236875412344,-0.5092612985400031,-0.5199191954032575,-0.5074933870088243,-0.48064563212157113,-0.508460058964122,0.038807580432234576,0.001231761503300898,0.030084459651196226,0.0074224371028853015
70,0.19334683418273926,0.020894336700439452,-0.5145530986253487,-0.5136991792271737,957811269.352,19,"{'estimator__lam': 957811269.35221839, 'estimator__n_splines': 19}",43,-0.5342154627721899,-0.5066537736640367,-0.5395375880278378,-0.5131419705173518,-0.4979161277601143,-0.51835665538745,-0.5153289805797395,-0.515213501496576,-0.47827445097269455,-0.5151299950704537,0.04507831133625283,0.0027441028674647676,0.022770250608891734,0.0038982229590394987
71,0.4918345928192139,0.03946375846862793,-0.5215375938194988,-0.5033088509220698,107.313127306,55,"{'estimator__lam': 107.31312730603896, 'estimator__n_splines': 55}",114,-0.5533950568700208,-0.4903145121195878,-0.5467847118329526,-0.5015958279644287,-0.5003556484811024,-0.5090855010592382,-0.518781654722125,-0.5072713406666386,-0.4789419503708963,-0.5082770728004554,0.1360826323997669,0.004090650888954379,0.02800229128985714,0.007007731858212393
72,0.20754928588867189,0.02223353385925293,-0.5145517950723228,-0.5136580830319502,1111808.35328,21,"{'estimator__lam': 1111808.3532812628, 'estimator__n_splines': 21}",22,-0.5342209948375664,-0.5065824700269123,-0.5395545989574384,-0.513093414264408,-0.4979117621000901,-0.518325151710777,-0.5153359695572673,-0.5151841113657646,-0.4782383247752972,-0.5151052677918889,0.04695473426842301,0.002072760938085509,0.022786767629605024,0.0039137651046527765
73,0.42731380462646484,0.034797382354736325,-0.5189988361779793,-0.5059951155807951,399.513598537,46,"{'estimator__lam': 399.51359853659017, 'estimator__n_splines': 46}",102,-0.5473810797069886,-0.49423906506424536,-0.5453160364484418,-0.5045312593468877,-0.4987621932411371,-0.5117376051322978,-0.5175429161632165,-0.5093566128637407,-0.4769105189556861,-0.5101110354968043,0.106426177120771,0.002612686122415848,0.0271009162365823,0.006349240045999019
74,0.45302700996398926,0.037259817123413086,-0.5362120319040213,-0.4935538293948702,0.0946651910202,51,"{'estimator__lam': 0.094665191020217268, 'estimator__n_splines': 51}",144,-0.588019500988323,-0.47528194027325216,-0.5615566203328058,-0.49019251095263444,-0.5153203612925655,-0.5001642001079264,-0.5224838037240945,-0.500495878877627,-0.4811685164231163,-0.5016346167629111,0.11044173145133852,0.0041119258721116535,0.03749277087366813,0.010023458187825027
75,0.22847504615783693,0.02385578155517578,-0.5145521185929721,-0.5136644900042553,1818247.48209,23,"{'estimator__lam': 1818247.4820893737, 'estimator__n_splines': 23}",26,-0.5342197057203293,-0.5065936679621734,-0.5395520954017808,-0.5131009967949115,-0.4979126179368119,-0.5183300447877103,-0.5153352366858656,-0.515188659035246,-0.47824438422133553,-0.5151090814412355,0.051902703967635355,0.0027942851240052575,0.022783999621572786,0.003911301216731198
76,0.5975974082946778,0.043428659439086914,-0.5191914866519489,-0.5057124969350573,755.502389694,59,"{'estimator__lam': 755.5023896936068, 'estimator__n_splines': 59}",103,-0.5478072561473349,-0.4938574310183579,-0.545427837318878,-0.504234128834204,-0.498842165589748,-0.5114527974501141,-0.5176167915029085,-0.5091173190049972,-0.4771609645633848,-0.5099008083676134,0.14142450559445136,0.005616124381599861,0.027137279430365296,0.006400218373119781
77,0.3817317485809326,0.0324648380279541,-0.5145539404872349,-0.5136950868177154,91527110.4521,39,"{'estimator__lam': 91527110.452053741, 'estimator__n_splines': 39}",53,-0.5342139127592074,-0.5066467225582786,-0.5395405806596958,-0.5131371428092532,-0.49791688586865135,-0.5183535072630778,-0.5153319609877923,-0.5152105539870454,-0.47827345498733376,-0.5151275074709217,0.08603699273754713,0.0028206018545710986,0.022770892668369402,0.0038997459139052905
78,0.616977310180664,0.04599385261535645,-0.5145483831414838,-0.5135669305526017,9634534.43461,58,"{'estimator__lam': 9634534.4346123077, 'estimator__n_splines': 58}",4,-0.534241689394351,-0.506422519714116,-0.5395914064113988,-0.5129855120829968,-0.49790065728311306,-0.518255379954128,-0.5153468720592486,-0.515119791288173,-0.47815280376147234,-0.5150514497235946,0.13575533486641692,0.005075898982042556,0.0228265319295121,0.00394911091486846
79,0.18536863327026368,0.02264556884765625,-0.5145527629554247,-0.5136751526619074,709616.347416,16,"{'estimator__lam': 709616.34741595422, 'estimator__n_splines': 16}",33,-0.5342176464460001,-0.5066120707015496,-0.5395481429172669,-0.5131135717405096,-0.4979140917179487,-0.5183382632345727,-0.5153341378714544,-0.5151963186096131,-0.4782545121160576,-0.5151155390232921,0.026407449071400826,0.0037665192442722048,0.022779441825618824,0.003907320279512168
80,0.35563030242919924,0.03254704475402832,-0.5145523050482252,-0.513698425305358,434960218.274,38,"{'estimator__lam': 434960218.27356094, 'estimator__n_splines': 38}",28,-0.5342171590663335,-0.5066524753437044,-0.5395368732871225,-0.5131410816403501,-0.49791512140631305,-0.518356076536974,-0.5153273198573785,-0.5152129576023804,-0.47827176632026364,-0.515129535403381,0.0830833999085532,0.006042679985607495,0.02277132138507044,0.0038985033541043047
81,0.23891782760620117,0.025559377670288087,-0.5145529481735766,-0.5136980318004193,39348716.9828,21,"{'estimator__lam': 39348716.982844375, 'estimator__n_splines': 21}",39,-0.5342158236176888,-0.5066517927423212,-0.5395379103090747,-0.513140616323077,-0.49791587202651133,-0.5183557745496112,-0.5153289248262017,-0.5152126763287316,-0.47827316020836247,-0.5151292990583553,0.034223443247949896,0.0037932960624735513,0.022770814201894737,0.003898652033887712
82,0.1944833755493164,0.02129983901977539,-0.5145539009888377,-0.5136943570497134,6694835.75895,19,"{'estimator__lam': 6694835.7589481836, 'estimator__n_splines': 19}",52,-0.5342140479928222,-0.5066454384614877,-0.5395408694556071,-0.5131362770095053,-0.49791678349066754,-0.5183529553711493,-0.5153320476149313,-0.5152100382533424,-0.4782727615354125,-0.5151270761530828,0.04367964741153178,0.0007814693451509648,0.02277120829140819,0.003900031242320825
83,0.4259498596191406,0.03651661872863769,-0.5327156889184326,-0.4958539877484978,0.196062497276,45,"{'estimator__lam': 0.19606249727614297, 'estimator__n_splines': 45}",138,-0.5805401346010132,-0.47874188290984504,-0.5576533580361555,-0.4927355657901258,-0.5113230800044907,-0.5024536144095456,-0.5229907972558858,-0.5020792981314405,-0.47921953705126735,-0.5032595775015317,0.08291465209208511,0.00549698251431924,0.03563800137241425,0.00937764371832208
84,0.4961423873901367,0.04008364677429199,-0.5257246238915865,-0.4992294707689487,7.30199152507,50,"{'estimator__lam': 7.3019915250670797, 'estimator__n_splines': 50}",126,-0.5630879418081581,-0.48422100419166697,-0.5513995665481756,-0.4968849129726265,-0.5052040303968055,-0.5052796049247509,-0.5204951627814709,-0.5043340754393405,-0.47807391545449573,-0.5054277563163587,0.1117929873150317,0.003237153780423397,0.030906221211674443,0.008146543759571906
85,0.42103095054626466,0.034307432174682614,-0.5145530408475443,-0.5136810142323698,32763915.0031,45,"{'estimator__lam': 32763915.003086422, 'estimator__n_splines': 45}",42,-0.5342165014904946,-0.5066224287865873,-0.5395457733368806,-0.5131205354906018,-0.497914884262612,-0.5183426886540944,-0.5153334131321384,-0.5152004395091108,-0.47826005735620697,-0.5151189787214547,0.10063304255467329,0.0025366799500365213,0.022776894794011418,0.003905006232338611
86,0.5730185031890869,0.03910536766052246,-0.5145513644158651,-0.5136976378479394,937279351.385,60,"{'estimator__lam': 937279351.38531864, 'estimator__n_splines': 60}",18,-0.5342191866380352,-0.5066511205239703,-0.539535980308719,-0.5131401537694118,-0.49791393370147324,-0.5183554723424922,-0.515325314964903,-0.5152123886228882,-0.4782686501784199,-0.5151290539809347,0.1560782962661144,0.0037672973580224634,0.022772562227504796,0.003898795689170223
87,0.3726181507110596,0.034523820877075194,-0.5153634506430557,-0.511302549674329,29038.3421135,37,"{'estimator__lam': 29038.342113544044, 'estimator__n_splines': 37}",75,-0.537196410019354,-0.5021514616569874,-0.5415257349991437,-0.5104229747320108,-0.49810177068687783,-0.5165299887928513,-0.5158403369504159,-0.5136131046388351,-0.4761097007213346,-0.5137952185509601,0.10778667634524043,0.006427254862812481,0.024434888680583397,0.004967781116165906
88,0.24976086616516113,0.02602081298828125,-0.5242372603086762,-0.502579653924916,0.845084610753,24,"{'estimator__lam': 0.8450846107528277, 'estimator__n_splines': 24}",123,-0.5587395317054553,-0.48851733427979954,-0.5501724647007498,-0.5004259565459882,-0.5010159323135391,-0.5088388441437663,-0.5202624994109296,-0.5070243382244838,-0.48104928709789596,-0.5080917964305419,0.06345772957645145,0.0023855719942518392,0.029290635089399608,0.007638110262654408
89,0.41944055557250975,0.03504986763000488,-0.514552062683652,-0.5136990033671311,2680739337.02,45,"{'estimator__lam': 2680739337.0159855, 'estimator__n_splines': 45}",25,-0.5342176527504331,-0.5066534710881864,-0.5395362885158472,-0.513141763658635,-0.49791486477431895,-0.5183565216734553,-0.5153266011888548,-0.5152133738390581,-0.4782715694800617,-0.5151298865763211,0.10423104920096524,0.003956022596953188,0.0227713620474688,0.003898288410179723
90,0.5361092567443848,0.03958444595336914,-0.5145947251234131,-0.5130264891753544,1371343.91014,57,"{'estimator__lam': 1371343.9101414131, 'estimator__n_splines': 57}",64,-0.534489584819203,-0.5054114402194904,-0.5399014146394008,-0.5123435280603837,-0.49788232947086325,-0.5178517611880601,-0.5154452887296064,-0.5147649260758096,-0.47766702525462007,-0.5147607903330282,0.1548768752937528,0.0023605692466932273,0.02309535269477634,0.004189716454457077
91,0.24180002212524415,0.025809383392333983,-0.5231814600461517,-0.5032246079854275,1.75092145452,24,"{'estimator__lam': 1.750921454518825, 'estimator__n_splines': 24}",121,-0.5568128131103259,-0.4896725200456888,-0.5486115102964045,-0.5012782293597043,-0.500268294509379,-0.5093239075042698,-0.5197188044156903,-0.5074048236708594,-0.48076968744640974,-0.5084435593466149,0.056596082965094836,0.0024312585951576757,0.028698360414334427,0.007339762780755301
92,0.26056952476501466,0.028105831146240233,-0.5279228870999761,-0.4996099581070343,0.0206377219494,26,"{'estimator__lam': 0.020637721949384, 'estimator__n_splines': 26}",133,-0.5660689226237506,-0.4843987507860887,-0.5531127275357507,-0.49693148394865183,-0.5073568610592695,-0.5057072638962333,-0.5225507411113105,-0.5048719850344835,-0.480124174935646,-0.5061403068697143,0.04774153747548683,0.003767443929906522,0.031078305575003684,0.008319453975019627
93,0.4013916015625,0.03284134864807129,-0.5171699350005068,-0.508251170560257,1998.61959914,41,"{'estimator__lam': 1998.619599138684, 'estimator__n_splines': 41}",94,-0.5428920373124694,-0.4972328185074087,-0.5437403672719288,-0.5069363407882578,-0.4984827381547323,-0.5138971134819535,-0.5170223844398171,-0.5113206360950636,-0.47498652812526126,-0.5118689439286013,0.11944321154628185,0.0034027330295941863,0.0263813408305788,0.00595851380092325
94,0.3456890106201172,0.03173074722290039,-0.5145491191177688,-0.5135944275723825,2414922.95369,35,"{'estimator__lam': 2414922.9536893703, 'estimator__n_splines': 35}",10,-0.5342349431713639,-0.5064710417102636,-0.5395799333654249,-0.513018088679466,-0.49790377778924216,-0.518276404468334,-0.5153434180822313,-0.5151390657448539,-0.4781784485813774,-0.5150675372589949,0.07770305428305906,0.0027191549227414758,0.022814428444064033,0.003938315872222408
95,0.4961387634277344,0.03994941711425781,-0.5189298133904017,-0.5060746585532601,493.452123347,48,"{'estimator__lam': 493.4521233474884, 'estimator__n_splines': 48}",101,-0.5472118161386373,-0.49435243363160764,-0.5452738410290418,-0.5046101276614533,-0.49875599802926046,-0.5118155333860083,-0.5175245553277975,-0.509425080522836,-0.4768117266539155,-0.5101701175643949,0.09942234932154059,0.0033473127849054075,0.027083243501467045,0.00633263236858496
96,0.5208227634429932,0.04101076126098633,-0.519710281497181,-0.5051576490121192,300.084406794,51,"{'estimator__lam': 300.08440679443009, 'estimator__n_splines': 51}",106,-0.5490162264067399,-0.49303759448407747,-0.5457217712962451,-0.5036518186998183,-0.4990150694082867,-0.5109090795416429,-0.5178236901323978,-0.5086713594356821,-0.4778072379666618,-0.509518392899375,0.10886895166093076,0.005797650950770698,0.02726521741322526,0.00653612190857819
97,0.5965316295623779,0.04643697738647461,-0.5203397650995044,-0.5044780971954355,238.109155478,55,"{'estimator__lam': 238.10915547775321, 'estimator__n_splines': 55}",112,-0.5505123651123871,-0.49204366760369195,-0.5460443142810273,-0.5029158056800246,-0.4993768018746712,-0.5102345059563935,-0.518144491128722,-0.5081403657715414,-0.47837383619469326,-0.5090561409655258,0.14649767575881814,0.00542237157612834,0.02746630173019118,0.006701682352346791
98,0.19405860900878907,0.02116694450378418,-0.5145532334975209,-0.5136991000510142,120515699.832,15,"{'estimator__lam': 120515699.83172815, 'estimator__n_splines': 15}",46,-0.5342151851621169,-0.506653636414209,-0.5395378043460505,-0.5131418769447786,-0.4979162852890471,-0.5183565946575761,-0.5153293148644819,-0.515213444825755,-0.47827474402493125,-0.5151299474127515,0.033773227513988466,0.0011929454101164496,0.022770144181773047,0.003898252832415972
99,0.25479693412780763,0.02622981071472168,-0.5219827085574448,-0.5039344603704603,3.8257077201,24,"{'estimator__lam': 3.8257077201046004, 'estimator__n_splines': 24}",116,-0.5543943849435401,-0.4908731188968029,-0.547280024082533,-0.5022072201294375,-0.49950895929052996,-0.5099038699167687,-0.5190129867778794,-0.5078514215861568,-0.48020145410538495,-0.5088366713231353,0.06248213662388016,0.004414405893772031,0.028114196211572448,0.007051100731985699
100,0.34454936981201173,0.03048701286315918,-0.5314560923809847,-0.4969986216432238,0.0680167833273,36,"{'estimator__lam': 0.068016783327300781, 'estimator__n_splines': 36}",136,-0.5774536053133692,-0.48057011781272574,-0.5576347968507799,-0.4941727804525155,-0.508599342847682,-0.5035552494474101,-0.5226927297915875,-0.5027946413877376,-0.4791201514840065,-0.5039003191157299,0.07065780312979997,0.0030065177613620947,0.03511029788225848,0.008967694883159355
101,0.3935210704803467,0.03304762840270996,-0.5157865310089296,-0.5103269134706507,19613.9632523,45,"{'estimator__lam': 19613.96325231182, 'estimator__n_splines': 45}",78,-0.5388785660526946,-0.5005514752089362,-0.5421220688742432,-0.5093255950922785,-0.49814257867023665,-0.5156949216036706,-0.5161032784536541,-0.5128763585374337,-0.47541356084278735,-0.5131862169109348,0.08591850327482954,0.0030401674928583794,0.025108368690943735,0.00529249712955597
102,0.5643415927886963,0.04123106002807617,-0.5149378017021347,-0.5121071493283763,305703.06255,56,"{'estimator__lam': 305703.06255020079, 'estimator__n_splines': 56}",70,-0.5356173245954826,-0.5035944046471195,-0.5407587908165631,-0.5112952143437457,-0.49799795015057957,-0.5171753145289404,-0.5156695628154685,-0.5141880179432027,-0.4768429617784448,-0.514282795178873,0.17447816186097412,0.004034924527920695,0.023744624236587818,0.004644907060140071
103,0.5390935420989991,0.04420380592346192,-0.5145479736451312,-0.5134937998992744,2863075.68652,46,"{'estimator__lam': 2863075.6865216377, 'estimator__n_splines': 46}",1,-0.5342621077474696,-0.5062915198246388,-0.5396242018800311,-0.5128986504850696,-0.49789345058145185,-0.5181998469881536,-0.5153570747862696,-0.5150693578121017,-0.4780852025684217,-0.5150096243864081,0.11259847198342138,0.00607219007949931,0.022859416237999926,0.003978794463501125
104,0.27385478019714354,0.029780769348144533,-0.515012378351269,-0.5119856830625762,20708.4286484,26,"{'estimator__lam': 20708.42864844633, 'estimator__n_splines': 26}",71,-0.5358656897484523,-0.5033515857751444,-0.5409043911540986,-0.511162871130591,-0.4980235670828081,-0.5170859015909386,-0.5157000509061269,-0.5141106299325146,-0.47672610755999684,-0.514217426883693,0.061665170336547726,0.003326984014433547,0.02385804076390855,0.004706016663048686
105,0.47695279121398926,0.037722110748291016,-0.5170689137787406,-0.5083421840112904,4826.38820574,52,"{'estimator__lam': 4826.3882057390783, 'estimator__n_splines': 52}",92,-0.5426169923049016,-0.49737475962893835,-0.5436278631937211,-0.5070389862060608,-0.49845711693504047,-0.5139764453224257,-0.5169773949363144,-0.5113910369571039,-0.47496842194285094,-0.5119296919419235,0.11220742212562665,0.0033684267898309033,0.026307275609413573,0.005931160764333952
106,0.44981560707092283,0.03435659408569336,-0.5145519905111499,-0.5136991330296087,7210807663.22,47,"{'estimator__lam': 7210807663.2151108, 'estimator__n_splines': 47}",24,-0.534217802210161,-0.506653694339427,-0.5395361337421317,-0.513141916636049,-0.4979147855921462,-0.5183566216021249,-0.5153263977776134,-0.5152134672178338,-0.4782714772634989,-0.5151299653526086,0.10769831802723392,0.001908970244812062,0.02277138971465362,0.0038982402547726325
107,0.5660123825073242,0.04259014129638672,-0.5390460641706586,-0.49102588952506565,0.0134465623177,56,"{'estimator__lam': 0.013446562317729397, 'estimator__n_splines': 56}",148,-0.5925388898013859,-0.47227911067816425,-0.565978490178043,-0.4871223388988073,-0.5189168700014707,-0.49756724525486745,-0.5236777207808826,-0.49840462773504185,-0.48107340846211044,-0.49975612505844763,0.11962887074180105,0.007335753746840705,0.03908096497426287,0.010393570603501866
108,0.3477920055389404,0.029053640365600587,-0.5145518475514851,-0.5136903044192003,32458911.8266,36,"{'estimator__lam': 32458911.826587748, 'estimator__n_splines': 36}",23,-0.5342184574090205,-0.5066384715929564,-0.539539952751953,-0.5131315005111995,-0.4979140493190224,-0.5183498328113109,-0.5153283331880111,-0.5152071132224285,-0.47826423353778863,-0.5151246039581064,0.07968936125242254,0.0011635628989180944,0.02277469901772823,0.0039015314164217527
109,0.4893966197967529,0.038661766052246097,-0.5275732911864435,-0.49753629997563015,3.08260382373,51,"{'estimator__lam': 3.0826038237324864, 'estimator__n_splines': 51}",131,-0.5672282293013307,-0.4817007047775767,-0.5531088630930343,-0.4949864518828085,-0.5075973036883542,-0.5036865832579082,-0.5208301987018401,-0.5031134381774081,-0.4784122599151328,-0.5041943217824492,0.11166370301341356,0.005313446508899464,0.03191321212383622,0.008608455261278366
110,0.4532498359680176,0.03748917579650879,-0.5388255788294711,-0.49277165260731426,0.00108533917391,48,"{'estimator__lam': 0.0010853391739128135, 'estimator__n_splines': 48}",146,-0.595265089030468,-0.47431488771290925,-0.5670420237329169,-0.48915730548001973,-0.5147277231882132,-0.49959414867158597,-0.5228218533888139,-0.4998424617777879,-0.4805586525745416,-0.5009494593942686,0.08097761170978489,0.007255988742298744,0.04069643685510491,0.010169906530946458
111,0.16471681594848633,0.01762361526489258,-0.5145532376769638,-0.513699165201254,288426636.726,15,"{'estimator__lam': 288426636.72555381, 'estimator__n_splines': 15}",47,-0.5342151734954227,-0.5066537492400881,-0.5395377801168137,-0.5131419538903067,-0.4979162946816902,-0.51835664454909,-0.5153293079554716,-0.5152134915539153,-0.4782748060433441,-0.5151299867728695,0.03365693003161779,0.0008776831285935129,0.022770116392956997,0.0038982282913801363
112,0.4537236213684082,0.035630226135253906,-0.527684541315553,-0.49733020836532643,2.45975956094,50,"{'estimator__lam': 2.4597595609383411, 'estimator__n_splines': 50}",132,-0.5680348307092229,-0.4814638991198528,-0.5531313395242216,-0.49482982424293803,-0.5076682882979832,-0.5034817389334593,-0.5210887797134637,-0.5028757238519738,-0.47771116981403167,-0.5039998556784079,0.10853425447065203,0.005050570904167035,0.03231831012439651,0.008614754267612119
113,0.35817384719848633,0.029213953018188476,-0.5145523554187157,-0.5136991721016908,6882493551.52,38,"{'estimator__lam': 6882493551.5173416, 'estimator__n_splines': 38}",29,-0.5342170265959806,-0.5066537615708775,-0.5395366012120463,-0.5131419624826202,-0.4979152294428088,-0.518356650938767,-0.5153272440880338,-0.5152134957592186,-0.47827247844550375,-0.5151299897569708,0.09119274501722463,0.0020032125572851133,0.022771004057013856,0.0038982256611823306
114,0.30759320259094236,0.02760167121887207,-0.5159047164448521,-0.5100874295294621,5533.0874475,33,"{'estimator__lam': 5533.0874475009259, 'estimator__n_splines': 33}",82,-0.539293564660273,-0.5001405132770075,-0.5422708949536138,-0.5090465348383478,-0.49816169388294623,-0.5154947484792374,-0.5161966184519968,-0.5127061201564288,-0.4752758214084915,-0.513049230896289,0.07921605877635883,0.0015175361281186382,0.0252645663242692,0.00538318699010605
115,0.2498568058013916,0.025948429107666017,-0.5201096605974954,-0.5052048588580572,14.3038008282,24,"{'estimator__lam': 14.303800828248738, 'estimator__n_splines': 24}",109,-0.5501578237899626,-0.49288720251294665,-0.5460204786056931,-0.5037207800718487,-0.49865878990834056,-0.5110699448160866,-0.5179226969753753,-0.5087514570265123,-0.478528296935196,-0.5095949098628918,0.04229721094202905,0.0036908638252005203,0.027440766286273933,0.0066359217501192344
116,0.2690910339355469,0.026482391357421874,-0.5145527536742693,-0.51369859081024,177718801.249,27,"{'estimator__lam': 177718801.24924442, 'estimator__n_splines': 27}",32,-0.5342162078929303,-0.5066527593452815,-0.5395373957655097,-0.5131412764423294,-0.49791567370002565,-0.5183562034987458,-0.5153283270911787,-0.5152130776022811,-0.4782730829678301,-0.5151296371625623,0.07483690921529802,0.0018717288029493602,0.02277080851014263,0.003898442258112086
117,0.2897428035736084,0.029246759414672852,-0.514715927805384,-0.5126075885765623,81751.0466665,30,"{'estimator__lam': 81751.046666508482, 'estimator__n_splines': 30}",67,-0.5348844904639504,-0.5045760253155639,-0.5402568716796036,-0.5118553470728907,-0.4979209346094919,-0.517547711023754,-0.5155477564237722,-0.5145079751263008,-0.47729680264900826,-0.5145508843443023,0.053808487671916136,0.002678362391334046,0.023360594630775434,0.004401466868394114
118,0.449015474319458,0.03732523918151855,-0.5148787173610833,-0.5122258246331068,250261.095848,50,"{'estimator__lam': 250261.09584797101, 'estimator__n_splines': 50}",69,-0.5354176154457687,-0.503823237125136,-0.5406351230461859,-0.5114258828602077,-0.49797825736876106,-0.5172651171454888,-0.515641527273884,-0.5142660985010267,-0.4769520688360787,-0.514348787533675,0.11909100632633007,0.003758235486888137,0.023647250186738945,0.004589281896501699
119,0.27071657180786135,0.02812480926513672,-0.5176175915496806,-0.5078445438805181,296.483206328,27,"{'estimator__lam': 296.48320632824732, 'estimator__n_splines': 27}",97,-0.544110444001544,-0.49663629318954033,-0.5442142893826075,-0.5064875666439329,-0.4985762930934056,-0.5135347698244028,-0.5171935127062156,-0.5109890472910524,-0.4751449626158026,-0.5115750424536625,0.06510324351458645,0.002706046028805065,0.026685424509457267,0.0060605191752516885
120,0.6054024219512939,0.044149160385131836,-0.5229211728050004,-0.5018877713200101,63.2419570413,60,"{'estimator__lam': 63.241957041331034, 'estimator__n_splines': 60}",119,-0.5566828987016113,-0.48822516132213406,-0.5480551748566587,-0.4999578639444182,-0.5018658204947912,-0.5077246567824282,-0.5194356475812721,-0.5062387159958541,-0.47885939793334037,-0.507292458555216,0.11251411347221993,0.00540563030309533,0.028870818585965727,0.007383793740570855
121,0.3470147132873535,0.029631662368774413,-0.5302218539846463,-0.4971629635015084,0.200006810713,38,"{'estimator__lam': 0.20000681071331575, 'estimator__n_splines': 38}",135,-0.5735158185133953,-0.4808878720671254,-0.5552728759143286,-0.4940530080476222,-0.5107346914241864,-0.503440346134216,-0.5225459263281717,-0.5031546451949831,-0.4778580503650256,-0.5042789460635954,0.09218461188954244,0.0018883972140554793,0.0337355875673363,0.008949786748073353
122,0.21132206916809082,0.023225784301757812,-0.5145537514859515,-0.5136920601388865,6493847.1825,21,"{'estimator__lam': 6493847.1825043429, 'estimator__n_splines': 21}",49,-0.5342144655244495,-0.5066414736207069,-0.5395417145409026,-0.5131335665549553,-0.49791645419120517,-0.5183511904715663,-0.5153322835815601,-0.5152083868099617,-0.47827057288811886,-0.5151256832372423,0.032404659045688455,0.002396060364308014,0.022772187325709466,0.0039008897075431077
123,0.29926261901855467,0.028245973587036132,-0.5162779537118208,-0.5094142374635287,3218.81356888,34,"{'estimator__lam': 3218.8135688846996, 'estimator__n_splines': 34}",86,-0.5404472113012871,-0.49901312358292005,-0.5427261770240283,-0.5082613272006349,-0.49824686924341816,-0.5149244405010978,-0.5165013377925453,-0.5122214872042888,-0.4750054120476161,-0.5126508088287022,0.06662340880723149,0.0022638487990001748,0.025672130690073437,0.005625491175991122
124,0.36761999130249023,0.031149911880493163,-0.5201590672318618,-0.5048161462513665,76.9804164661,38,"{'estimator__lam': 76.980416466106391, 'estimator__n_splines': 38}",111,-0.5501001319557309,-0.4924701115709004,-0.545956394926819,-0.5032690555119778,-0.499155556751466,-0.5105981964493769,-0.5180554510669712,-0.5084297748994867,-0.4783007522522256,-0.5093135928250907,0.08005827962994301,0.0023572752029310438,0.02740422924787888,0.006656357927117559
125,0.5984621524810791,0.04249482154846192,-0.5319378805084554,-0.49425273392296754,0.915664821559,60,"{'estimator__lam': 0.91566482155855144, 'estimator__n_splines': 60}",137,-0.5786659649793465,-0.47679604315136404,-0.556533392125942,-0.4914696428601985,-0.5114385947620642,-0.5006196555921513,-0.5223150025087592,-0.5005725800880535,-0.4791152122317827,-0.5018057479230701,0.15642660097821573,0.0040359279676151156,0.03497307590475285,0.009486915369461982
126,0.26602420806884763,0.02637019157409668,-0.5162866109601248,-0.5094283263466215,1655.13645367,28,"{'estimator__lam': 1655.1364536691622, 'estimator__n_splines': 28}",87,-0.5404748318075415,-0.499015904398774,-0.5427385452221932,-0.5082754768838444,-0.4982526105962404,-0.5149423135768764,-0.5165042208528486,-0.5122396954311693,-0.474996468274495,-0.5126682414424436,0.04957325396638775,0.002737887380898037,0.025682494982683296,0.005631207576300879
127,0.5003578186035156,0.03714570999145508,-0.516793727272652,-0.5086691539877405,7897.50954477,55,"{'estimator__lam': 7897.5095447660942, 'estimator__n_splines': 55}",90,-0.541875635150833,-0.4978561149409238,-0.543322494966609,-0.5074072511827747,-0.4983855082147588,-0.5142698059539217,-0.5168389944994172,-0.5116517901035779,-0.4749265651750014,-0.5121608077575044,0.13555870558573133,0.0026709793703167573,0.026106191455209503,0.0058475512620387695
128,0.4891446590423584,0.03914518356323242,-0.5145491446517105,-0.5136561927059408,23113062.606,53,"{'estimator__lam': 23113062.606005352, 'estimator__n_splines': 53}",11,-0.5342264692312721,-0.5065793936817892,-0.5395518335026533,-0.5130912201479032,-0.49790850216043686,-0.518323631953043,-0.5153303396210297,-0.5151826832559515,-0.4782300082801136,-0.5151040344910168,0.13669382638135968,0.0064713865399267986,0.02279000916529912,0.00391437573001987
129,0.519503402709961,0.03828244209289551,-0.514559496216289,-0.5132691024311933,1931264.15735,53,"{'estimator__lam': 1931264.1573504347, 'estimator__n_splines': 53}",62,-0.5343485628818216,-0.5058769712607639,-0.53974243711199,-0.5126312721142955,-0.4978806127221875,-0.5180310449181351,-0.5153949779985193,-0.5149195606321652,-0.4778818688964222,-0.5148866632306068,0.14119030147853723,0.0022187690250546907,0.02296659651131621,0.004075954911818428
130,0.5072582244873047,0.03801021575927734,-0.5158906500383769,-0.510087176767809,31568.7390635,56,"{'estimator__lam': 31568.739063518442, 'estimator__n_splines': 56}",81,-0.5392454698273352,-0.5001594353898309,-0.5422521921117608,-0.5090480416012956,-0.4981570105099498,-0.515488811549784,-0.5161912492180242,-0.5126987542554499,-0.47528847014911607,-0.5130408410426851,0.13437947618247464,0.002794278203396162,0.025247444454074616,0.0053733039873578295
131,0.20893263816833496,0.02190737724304199,-0.5145530381076152,-0.5136988234305278,100263416.136,20,"{'estimator__lam': 100263416.13597211, 'estimator__n_splines': 20}",41,-0.5342156036060238,-0.5066531592963558,-0.5395376694757411,-0.5131415505758544,-0.49791603169768534,-0.5183563823306904,-0.5153289310137102,-0.5152132456651078,-0.47827401417437293,-0.5151297792846302,0.039034371804113656,0.0015524124494264485,0.02277043929187375,0.003898356073925971
132,0.16952919960021973,0.02344088554382324,-0.5145490705812492,-0.513491532618185,59013.8447591,15,"{'estimator__lam': 59013.844759145191, 'estimator__n_splines': 15}",9,-0.5342636592297874,-0.5062848590595976,-0.5396274977722063,-0.5128955679002042,-0.4978936694943125,-0.5181989809226011,-0.5153586513476746,-0.5150687672513544,-0.47808358130064943,-0.5150094879571682,0.029960935689378937,0.009708406023988442,0.02286096304332103,0.003981036165700749
133,0.32437620162963865,0.02928781509399414,-0.5179481468261664,-0.5073805721260766,448.388031807,34,"{'estimator__lam': 448.38803180665786, 'estimator__n_splines': 34}",99,-0.544929444256831,-0.49606812715190385,-0.544521730239719,-0.505987783915104,-0.49861762155998296,-0.5130855619875683,-0.5172797879881398,-0.5105714254299422,-0.475474322952746,-0.5111899621458648,0.0961885553726932,0.0016530185921735394,0.02682642692359899,0.006118025445250857
134,0.5092777729034423,0.03964643478393555,-0.5354326424131912,-0.4932415925001209,0.100501216445,53,"{'estimator__lam': 0.10050121644465528, 'estimator__n_splines': 53}",142,-0.5866523621327414,-0.47532730309062815,-0.5598414864294501,-0.4900716585577709,-0.514161349125342,-0.4996763031389701,-0.5240190482200036,-0.499884655164717,-0.4802060101825682,-0.5012480425485183,0.09619254447657122,0.003767889205947517,0.03712300263293161,0.009804175347216906
135,0.2510214805603027,0.02546854019165039,-0.5187579842349651,-0.5064705585575748,79.0400656269,27,"{'estimator__lam': 79.040065626889771, 'estimator__n_splines': 27}",100,-0.5469487679101832,-0.4948173971192453,-0.5451820645302384,-0.5050422531365297,-0.4986346964908035,-0.5122340214496433,-0.5174513324691548,-0.5097731371731703,-0.4765007489247814,-0.5104859839092857,0.047561248256015966,0.002905366415657978,0.027112180414143275,0.006294194128864444
136,0.5482257843017578,0.038727617263793944,-0.5152035634115353,-0.5116063225299261,199624.306418,60,"{'estimator__lam': 199624.30641781888, 'estimator__n_splines': 60}",74,-0.5365748812074008,-0.5026764619132262,-0.5412600129214571,-0.5107521972260155,-0.4980713661670279,-0.5167803125469788,-0.5157779779196815,-0.5138376590708899,-0.4763813178138061,-0.5139849818925198,0.13363961414478454,0.005230846303870902,0.02417487976478855,0.004855491663824029
137,0.23755593299865724,0.02406344413757324,-0.5197649081523162,-0.505384788629466,29.8230918515,27,"{'estimator__lam': 29.823091851503136, 'estimator__n_splines': 27}",107,-0.54932678723329,-0.49321118630206934,-0.5457643179683066,-0.5039195141064808,-0.4987832610267324,-0.5111936086099543,-0.5177926615601599,-0.508880569619111,-0.4779540077050812,-0.5097190645097147,0.05687005400926177,0.0013931261193967982,0.02733834582399478,0.0065588481420550725
138,0.5903824806213379,0.03975176811218262,-0.5159388021100454,-0.5099839315054262,35690.9010192,60,"{'estimator__lam': 35690.901019213648, 'estimator__n_splines': 60}",83,-0.539406740195062,-0.4999891195714359,-0.542311677466418,-0.5089280139065219,-0.49816519830235256,-0.5154004970000584,-0.5162322573100601,-0.5126230772838877,-0.4752393546409668,-0.5129789497652267,0.15492535586618356,0.0016878050684765045,0.025307188868638045,0.005408985748653089
139,0.2868840217590332,0.02872624397277832,-0.5145551395321141,-0.5133267339785813,284293.545438,28,"{'estimator__lam': 284293.54543771426, 'estimator__n_splines': 28}",61,-0.5343232474263635,-0.505983812865313,-0.5397105378955509,-0.5126996801250929,-0.49788281646296123,-0.5180744451872799,-0.5153848424895289,-0.5149577353229867,-0.47793352692929414,-0.5149179963922336,0.07086677662936999,0.0020460642210047477,0.022938429270214774,0.004050795728905922
140,0.30942320823669434,0.028563785552978515,-0.5171176861169064,-0.5083505784546481,1034.17566287,33,"{'estimator__lam': 1034.1756628662956, 'estimator__n_splines': 33}",93,-0.5427599008530853,-0.4973524802022525,-0.5436868976253788,-0.5070439515645496,-0.498473126579023,-0.5139944802831277,-0.5169993561523888,-0.5114102742131031,-0.4749559489328741,-0.5119517060102078,0.08242987563904774,0.0024730259666496165,0.026352041316117233,0.005947250199117406
141,0.34909906387329104,0.030333948135375977,-0.5270025285316665,-0.4987147314321182,1.1544126432,38,"{'estimator__lam': 1.1544126431985451, 'estimator__n_splines': 38}",129,-0.5653723297748905,-0.48324344770850725,-0.5526787254089361,-0.4959391342643055,-0.5071610423157076,-0.504861187955202,-0.5213283555868682,-0.5042050749730534,-0.47794882309282655,-0.5053248122595226,0.08132425427975178,0.003903718763060471,0.03150895679749654,0.008469716975518213
142,0.3046611785888672,0.02802562713623047,-0.5228351938896315,-0.5025467732596118,8.60675340339,34,"{'estimator__lam': 8.6067534033922577, 'estimator__n_splines': 34}",117,-0.5563270165885307,-0.48909486661304374,-0.5480810903799607,-0.5006317438226581,-0.5013926684158926,-0.5083933855332229,-0.5194714858781596,-0.5067888228054985,-0.4792214209332058,-0.5078250475236361,0.06950065236783656,0.0034603253882244415,0.028747712153537743,0.007275426706473513
143,0.418789005279541,0.03284807205200195,-0.5371340642640083,-0.4933245042386039,0.0142554253111,48,"{'estimator__lam': 0.014255425311080611, 'estimator__n_splines': 48}",145,-0.5921339854540599,-0.47503733562524375,-0.5633655674776675,-0.4897693484767724,-0.5138310551095496,-0.5001913275248681,-0.5227020305196007,-0.5002816499190416,-0.4804798233859479,-0.5013428596470937,0.10446191026187454,0.0033644913923394286,0.039331804255022515,0.01006885127415057
144,0.4032066822052002,0.03166871070861817,-0.5329339130882036,-0.49618318724839766,0.118440633632,42,"{'estimator__lam': 0.11844063363246063, 'estimator__n_splines': 42}",139,-0.5817615390828602,-0.47885770286712287,-0.5584191390843395,-0.4931524694696799,-0.5109786391590252,-0.5029367012882204,-0.5226390110070068,-0.5024373421991184,-0.4787729676117211,-0.5035317204178468,0.09941398014001383,0.0034782144289663185,0.03629377974191693,0.009466604513512061
145,0.16861414909362793,0.01897435188293457,-0.5145542161992301,-0.5136992005284042,2893774886.1,17,"{'estimator__lam': 2893774886.0981259, 'estimator__n_splines': 17}",59,-0.5342131762729543,-0.5066538104815435,-0.5395390790865078,-0.5131419954798654,-0.497917480942717,-0.5183566711137528,-0.5153315445189138,-0.5152135170990947,-0.478277378673383,-0.5151300084677644,0.037229189971153646,0.0007908541772082272,0.022769142415622473,0.0038982148906265587
146,0.528045654296875,0.040485382080078125,-0.5161371605506017,-0.5096119615565398,16916.7092373,53,"{'estimator__lam': 16916.709237270123, 'estimator__n_splines': 53}",85,-0.5400297790470385,-0.49936635233640386,-0.5425534973846837,-0.5084938287168753,-0.4982084612923994,-0.5150851914668783,-0.5163956983506719,-0.5123550649508223,-0.4750847747688664,-0.5127593703117188,0.14662241694383985,0.005611669320826511,0.02552913213860488,0.005542738909495841
147,0.308641242980957,0.03122234344482422,-0.5145534470535715,-0.513687438688881,16653333.9296,32,"{'estimator__lam': 16653333.929581678, 'estimator__n_splines': 32}",48,-0.5342153083875739,-0.5066335162817062,-0.5395434016754231,-0.513128116186962,-0.4979157927034006,-0.5183476310856218,-0.5153327503646711,-0.51520505731889,-0.4782661691538354,-0.5151228725712252,0.07230470768914607,0.0037151137199771178,0.02277415436382976,0.0039026066391315644
148,0.502653169631958,0.0386162281036377,-0.5237847625145777,-0.5011778662532487,22.7676796838,51,"{'estimator__lam': 22.767679683820177, 'estimator__n_splines': 51}",122,-0.558573199787573,-0.48711605100513483,-0.5490391236753792,-0.4991014988093814,-0.5028344543262978,-0.507073795664262,-0.5197624960328361,-0.5057671352593366,-0.47882760497873883,-0.5068308505281282,0.1391272824806916,0.003133803679897896,0.029409456248897112,0.0076134821819712015
149,0.21952662467956544,0.022255611419677735,-0.5145530126124126,-0.5136990036424836,221312222.121,21,"{'estimator__lam': 221312222.12086329, 'estimator__n_splines': 21}",40,-0.5342156496241589,-0.5066534706040442,-0.5395375533035978,-0.5131417633270325,-0.4979160125894171,-0.518356520652024,-0.5153288251631161,-0.5152133751612198,-0.4782740874082212,-0.5151298884680972,0.05312060197904835,0.0005184653162089375,0.022770400092467554,0.003898288592190002
